,created_at,id,id_str,text,truncated,entities,metadata,source,in_reply_to_status_id,in_reply_to_status_id_str,in_reply_to_user_id,in_reply_to_user_id_str,in_reply_to_screen_name,user,geo,coordinates,place,contributors,retweeted_status,is_quote_status,retweet_count,favorite_count,favorited,retweeted,lang,possibly_sensitive,quoted_status_id,quoted_status_id_str,quoted_status,extended_entities
0,Sun Mar 13 22:37:31 +0000 2022,1503138212692344832,1503138212692344832,"RT @SixandLaura: Detection of a Novel &amp; Highly Divergent Coronavirus from Asian Leopard Cats &amp; Chinese Ferret Badgers in Southern China

4/‚Ä¶",False,"{'hashtags': [], 'symbols': [], 'user_mentions': [{'screen_name': 'SixandLaura', 'name': 'Laura Henderson', 'id': 778229339557076992, 'id_str': '778229339557076992', 'indices': [3, 15]}], 'urls': []}","{'iso_language_code': 'en', 'result_type': 'recent'}","<a href=""http://twitter.com/download/iphone"" rel=""nofollow"">Twitter for iPhone</a>",,,,,,"{'id': 61953062, 'id_str': '61953062', 'name': 'M', 'screen_name': 'Mud1976', 'location': '', 'description': '‚ÄúNone are more hopelessly enslaved than those who falsely believe they are free.‚ÄùJohann Wolfgang von Goethe', 'url': None, 'entities': {'description': {'urls': []}}, 'protected': False, 'followers_count': 121, 'friends_count': 337, 'listed_count': 33, 'created_at': 'Sat Aug 01 03:42:46 +0000 2009', 'favourites_count': 18457, 'utc_offset': None, 'time_zone': None, 'geo_enabled': True, 'verified': False, 'statuses_count': 46537, 'lang': None, 'contributors_enabled': False, 'is_translator': False, 'is_translation_enabled': False, 'profile_background_color': '022330', 'profile_background_image_url': 'http://abs.twimg.com/images/themes/theme15/bg.png', 'profile_background_image_url_https': 'https://abs.twimg.com/images/themes/theme15/bg.png', 'profile_background_tile': False, 'profile_image_url': 'http://pbs.twimg.com/profile_images/1281406378498764802/idQdZyS3_normal.jpg', 'profile_image_url_https': 'https://pbs.twimg.com/profile_images/1281406378498764802/idQdZyS3_normal.jpg', 'profile_banner_url': 'https://pbs.twimg.com/profile_banners/61953062/1594346064', 'profile_link_color': '0084B4', 'profile_sidebar_border_color': 'A8C7F7', 'profile_sidebar_fill_color': 'C0DFEC', 'profile_text_color': '333333', 'profile_use_background_image': True, 'has_extended_profile': False, 'default_profile': False, 'default_profile_image': False, 'following': False, 'follow_request_sent': False, 'notifications': False, 'translator_type': 'none', 'withheld_in_countries': []}",,,,,"{'created_at': 'Sun Mar 13 12:01:56 +0000 2022', 'id': 1502978261504176132, 'id_str': '1502978261504176132', 'text': 'Detection of a Novel &amp; Highly Divergent Coronavirus from Asian Leopard Cats &amp; Chinese Ferret Badgers in Southern Ch‚Ä¶ https://t.co/1Tlsy9TjoU', 'truncated': True, 'entities': {'hashtags': [], 'symbols': [], 'user_mentions': [], 'urls': [{'url': 'https://t.co/1Tlsy9TjoU', 'expanded_url': 'https://twitter.com/i/web/status/1502978261504176132', 'display_url': 'twitter.com/i/web/status/1‚Ä¶', 'indices': [125, 148]}]}, 'metadata': {'iso_language_code': 'en', 'result_type': 'recent'}, 'source': '<a href=""http://twitter.com/download/iphone"" rel=""nofollow"">Twitter for iPhone</a>', 'in_reply_to_status_id': None, 'in_reply_to_status_id_str': None, 'in_reply_to_user_id': None, 'in_reply_to_user_id_str': None, 'in_reply_to_screen_name': None, 'user': {'id': 778229339557076992, 'id_str': '778229339557076992', 'name': 'Laura Henderson', 'screen_name': 'SixandLaura', 'location': '', 'description': '#historical_precedent #SARSCoV2_timeline #mystery_illness #syndrome_X #evali_investigation #pandemic_dynamics #pandemic_psychology #NorthAmericanMERS ?', 'url': None, 'entities': {'description': {'urls': []}}, 'protected': False, 'followers_count': 2436, 'friends_count': 5001, 'listed_count': 25, 'created_at': 'Tue Sep 20 13:48:28 +0000 2016', 'favourites_count': 49027, 'utc_offset': None, 'time_zone': None, 'geo_enabled': True, 'verified': False, 'statuses_count': 48681, 'lang': None, 'contributors_enabled': False, 'is_translator': False, 'is_translation_enabled': False, 'profile_background_color': 'F5F8FA', 'profile_background_image_url': None, 'profile_background_image_url_https': None, 'profile_background_tile': False, 'profile_image_url': 'http://pbs.twimg.com/profile_images/1501863239906471939/KtFBwPq4_normal.jpg', 'profile_image_url_https': 'https://pbs.twimg.com/profile_images/1501863239906471939/KtFBwPq4_normal.jpg', 'profile_banner_url': 'https://pbs.twimg.com/profile_banners/778229339557076992/1605885710', 'profile_link_color': '1DA1F2', 'profile_sidebar_border_color': 'C0DEED', 'profile_sidebar_fill_color': 'DDEEF6', 'profile_text_color': '333333', 'profile_use_background_image': True, 'has_extended_profile': True, 'default_profile': True, 'default_profile_image': False, 'following': False, 'follow_request_sent': False, 'notifications': False, 'translator_type': 'none', 'withheld_in_countries': []}, 'geo': None, 'coordinates': None, 'place': None, 'contributors': None, 'is_quote_status': False, 'retweet_count': 2, 'favorite_count': 1, 'favorited': False, 'retweeted': False, 'possibly_sensitive': False, 'lang': 'en'}",False,2,0,False,False,en,,,,,
1,Sun Mar 13 22:36:52 +0000 2022,1503138051052253190,1503138051052253190,"RT @IranNewsUpdate1: #IranProtests
#Tehran, #Iran's capital‚Äîcontract medical staff rally outside the Parliament [Majlis], protesting offici‚Ä¶",False,"{'hashtags': [{'text': 'IranProtests', 'indices': [21, 34]}, {'text': 'Tehran', 'indices': [35, 42]}, {'text': 'Iran', 'indices': [44, 49]}], 'symbols': [], 'user_mentions': [{'screen_name': 'IranNewsUpdate1', 'name': 'Iran News Update', 'id': 1383920448, 'id_str': '1383920448', 'indices': [3, 19]}], 'urls': []}","{'iso_language_code': 'en', 'result_type': 'recent'}","<a href=""http://twitter.com/download/iphone"" rel=""nofollow"">Twitter for iPhone</a>",,,,,,"{'id': 747820691924336640, 'id_str': '747820691924336640', 'name': 'Sara', 'screen_name': 'Sara_S_Mohamad', 'location': '', 'description': '', 'url': None, 'entities': {'description': {'urls': []}}, 'protected': False, 'followers_count': 935, 'friends_count': 479, 'listed_count': 30, 'created_at': 'Tue Jun 28 15:55:21 +0000 2016', 'favourites_count': 386396, 'utc_offset': None, 'time_zone': None, 'geo_enabled': False, 'verified': False, 'statuses_count': 390249, 'lang': None, 'contributors_enabled': False, 'is_translator': False, 'is_translation_enabled': False, 'profile_background_color': 'F5F8FA', 'profile_background_image_url': None, 'profile_background_image_url_https': None, 'profile_background_tile': False, 'profile_image_url': 'http://pbs.twimg.com/profile_images/1092170437646258180/TjeMNNCj_normal.jpg', 'profile_image_url_https': 'https://pbs.twimg.com/profile_images/1092170437646258180/TjeMNNCj_normal.jpg', 'profile_banner_url': 'https://pbs.twimg.com/profile_banners/747820691924336640/1534185884', 'profile_link_color': '1DA1F2', 'profile_sidebar_border_color': 'C0DEED', 'profile_sidebar_fill_color': 'DDEEF6', 'profile_text_color': '333333', 'profile_use_background_image': True, 'has_extended_profile': False, 'default_profile': True, 'default_profile_image': False, 'following': False, 'follow_request_sent': False, 'notifications': False, 'translator_type': 'none', 'withheld_in_countries': []}",,,,,"{'created_at': 'Sun Mar 13 20:30:00 +0000 2022', 'id': 1503106121992601600, 'id_str': '1503106121992601600', 'text': ""#IranProtests\n#Tehran, #Iran's capital‚Äîcontract medical staff rally outside the Parliament [Majlis], protesting off‚Ä¶ https://t.co/Y3GN466BhZ"", 'truncated': True, 'entities': {'hashtags': [{'text': 'IranProtests', 'indices': [0, 13]}, {'text': 'Tehran', 'indices': [14, 21]}, {'text': 'Iran', 'indices': [23, 28]}], 'symbols': [], 'user_mentions': [], 'urls': [{'url': 'https://t.co/Y3GN466BhZ', 'expanded_url': 'https://twitter.com/i/web/status/1503106121992601600', 'display_url': 'twitter.com/i/web/status/1‚Ä¶', 'indices': [117, 140]}]}, 'metadata': {'iso_language_code': 'en', 'result_type': 'recent'}, 'source': '<a href=""https://mobile.twitter.com"" rel=""nofollow"">Twitter Web App</a>', 'in_reply_to_status_id': None, 'in_reply_to_status_id_str': None, 'in_reply_to_user_id': None, 'in_reply_to_user_id_str': None, 'in_reply_to_screen_name': None, 'user': {'id': 1383920448, 'id_str': '1383920448', 'name': 'Iran News Update', 'screen_name': 'IranNewsUpdate1', 'location': 'Washington, DC', 'description': 'Iran News Update (INU) features original news, analysis, & commentary on events inside & outside of Iran as well as from the Iranian Diaspora.\n#IranProtests', 'url': 'https://t.co/JKVtJIGqiQ', 'entities': {'url': {'urls': [{'url': 'https://t.co/JKVtJIGqiQ', 'expanded_url': 'http://www.irannewsupdate.com', 'display_url': 'irannewsupdate.com', 'indices': [0, 23]}]}, 'description': {'urls': []}}, 'protected': False, 'followers_count': 17970, 'friends_count': 178, 'listed_count': 295, 'created_at': 'Sat Apr 27 08:45:22 +0000 2013', 'favourites_count': 16186, 'utc_offset': None, 'time_zone': None, 'geo_enabled': False, 'verified': True, 'statuses_count': 35768, 'lang': None, 'contributors_enabled': False, 'is_translator': False, 'is_translation_enabled': False, 'profile_background_color': 'D7DBDA', 'profile_background_image_url': 'http://abs.twimg.com/images/themes/theme18/bg.gif', 'profile_background_image_url_https': 'https://abs.twimg.com/images/themes/theme18/bg.gif', 'profile_background_tile': False, 'profile_image_url': 'http://pbs.twimg.com/profile_images/1466150789349621760/1OK8s-d2_normal.jpg', 'profile_image_url_https': 'https://pbs.twimg.com/profile_images/1466150789349621760/1OK8s-d2_normal.jpg', 'profile_banner_url': 'https://pbs.twimg.com/profile_banners/1383920448/1638392564', 'profile_link_color': '038543', 'profile_sidebar_border_color': 'FFFFFF', 'profile_sidebar_fill_color': 'DDEEF6', 'profile_text_color': '333333', 'profile_use_background_image': True, 'has_extended_profile': False, 'default_profile': False, 'default_profile_image': False, 'following': False, 'follow_request_sent': False, 'notifications': False, 'translator_type': 'none', 'withheld_in_countries': []}, 'geo': None, 'coordinates': None, 'place': None, 'contributors': None, 'is_quote_status': False, 'retweet_count': 1, 'favorite_count': 1, 'favorited': False, 'retweeted': False, 'possibly_sensitive': False, 'lang': 'en'}",False,1,0,False,False,en,,,,,
2,Sun Mar 13 22:35:43 +0000 2022,1503137759002693634,1503137759002693634,Former President Barack #Obama has tested #positive for the #coronavirus. ‚ÄúI‚Äôve had a scratchy throat for a couple‚Ä¶ https://t.co/dbCLZGzfw1,True,"{'hashtags': [{'text': 'Obama', 'indices': [24, 30]}, {'text': 'positive', 'indices': [42, 51]}, {'text': 'coronavirus', 'indices': [60, 72]}], 'symbols': [], 'user_mentions': [], 'urls': [{'url': 'https://t.co/dbCLZGzfw1', 'expanded_url': 'https://twitter.com/i/web/status/1503137759002693634', 'display_url': 'twitter.com/i/web/status/1‚Ä¶', 'indices': [116, 139]}]}","{'iso_language_code': 'en', 'result_type': 'recent'}","<a href=""http://twitter.com/download/iphone"" rel=""nofollow"">Twitter for iPhone</a>",,,,,,"{'id': 1121016435730292737, 'id_str': '1121016435730292737', 'name': 'È¶ôÊ∏ØÂïÜÂ†±', 'screen_name': 'hkcd_HK', 'location': 'Hong Kong', 'description': 'È¶ôÊ∏ØÂïÜÂ†±ÂÆòÊñπÂ∏≥Êà∂„ÄÇÊú¨Â†±1952Âπ¥ÂâµÂàäÊñºÈ¶ôÊ∏ØÔºåÊìÅÊúâÂ†±Á¥ô„ÄÅÁ∂≤Á´ô„ÄÅÁßªÂãïÂÆ¢Êà∂Á´Ø„ÄÅFacebook„ÄÅYouTubeÁ≠âÔºåÁõ°Ë¶ΩÂØ∞ÂÆáÈ¢®Èõ≤„ÄÅË≤°Á∂ìÂ§ß‰∫ãÔºÅ', 'url': 'https://t.co/uUMu0Oq1zC', 'entities': {'url': {'urls': [{'url': 'https://t.co/uUMu0Oq1zC', 'expanded_url': 'http://www.hkcd.com', 'display_url': 'hkcd.com', 'indices': [0, 23]}]}, 'description': {'urls': []}}, 'protected': False, 'followers_count': 296, 'friends_count': 93, 'listed_count': 2, 'created_at': 'Wed Apr 24 11:42:00 +0000 2019', 'favourites_count': 55, 'utc_offset': None, 'time_zone': None, 'geo_enabled': False, 'verified': False, 'statuses_count': 4861, 'lang': None, 'contributors_enabled': False, 'is_translator': False, 'is_translation_enabled': False, 'profile_background_color': '000000', 'profile_background_image_url': 'http://abs.twimg.com/images/themes/theme1/bg.png', 'profile_background_image_url_https': 'https://abs.twimg.com/images/themes/theme1/bg.png', 'profile_background_tile': False, 'profile_image_url': 'http://pbs.twimg.com/profile_images/1415623132002541569/xHu71o7c_normal.jpg', 'profile_image_url_https': 'https://pbs.twimg.com/profile_images/1415623132002541569/xHu71o7c_normal.jpg', 'profile_banner_url': 'https://pbs.twimg.com/profile_banners/1121016435730292737/1626355131', 'profile_link_color': '1B95E0', 'profile_sidebar_border_color': '000000', 'profile_sidebar_fill_color': '000000', 'profile_text_color': '000000', 'profile_use_background_image': False, 'has_extended_profile': True, 'default_profile': False, 'default_profile_image': False, 'following': False, 'follow_request_sent': False, 'notifications': False, 'translator_type': 'none', 'withheld_in_countries': []}",,,,,,False,0,0,False,False,en,False,,,,
3,Sun Mar 13 22:34:54 +0000 2022,1503137553632923655,1503137553632923655,"RT @OldPrague: - China put all 17 million residents in #Schengen under lockdown today 
- Cases of #Coronavirus in #China have doubled to ne‚Ä¶",False,"{'hashtags': [{'text': 'Schengen', 'indices': [55, 64]}, {'text': 'Coronavirus', 'indices': [98, 110]}, {'text': 'China', 'indices': [114, 120]}], 'symbols': [], 'user_mentions': [{'screen_name': 'OldPrague', 'name': 'Californiaüá∫üá∏ü¶Ö', 'id': 1326088264747544576, 'id_str': '1326088264747544576', 'indices': [3, 13]}], 'urls': []}","{'iso_language_code': 'en', 'result_type': 'recent'}","<a href=""http://twitter.com/#!/download/ipad"" rel=""nofollow"">Twitter for iPad</a>",,,,,,"{'id': 1180470578953805830, 'id_str': '1180470578953805830', 'name': 'lamiaASB', 'screen_name': 'soso75780361', 'location': '', 'description': '', 'url': None, 'entities': {'description': {'urls': []}}, 'protected': False, 'followers_count': 376, 'friends_count': 2670, 'listed_count': 1, 'created_at': 'Sat Oct 05 13:11:48 +0000 2019', 'favourites_count': 35253, 'utc_offset': None, 'time_zone': None, 'geo_enabled': False, 'verified': False, 'statuses_count': 24424, 'lang': None, 'contributors_enabled': False, 'is_translator': False, 'is_translation_enabled': False, 'profile_background_color': 'F5F8FA', 'profile_background_image_url': None, 'profile_background_image_url_https': None, 'profile_background_tile': False, 'profile_image_url': 'http://abs.twimg.com/sticky/default_profile_images/default_profile_normal.png', 'profile_image_url_https': 'https://abs.twimg.com/sticky/default_profile_images/default_profile_normal.png', 'profile_banner_url': 'https://pbs.twimg.com/profile_banners/1180470578953805830/1570994707', 'profile_link_color': '1DA1F2', 'profile_sidebar_border_color': 'C0DEED', 'profile_sidebar_fill_color': 'DDEEF6', 'profile_text_color': '333333', 'profile_use_background_image': True, 'has_extended_profile': True, 'default_profile': True, 'default_profile_image': True, 'following': False, 'follow_request_sent': False, 'notifications': False, 'translator_type': 'none', 'withheld_in_countries': []}",,,,,"{'created_at': 'Sun Mar 13 20:01:56 +0000 2022', 'id': 1503099058927415300, 'id_str': '1503099058927415300', 'text': '- China put all 17 million residents in #Schengen under lockdown today \n- Cases of #Coronavirus in #China have doub‚Ä¶ https://t.co/XgHzwcycBn', 'truncated': True, 'entities': {'hashtags': [{'text': 'Schengen', 'indices': [40, 49]}, {'text': 'Coronavirus', 'indices': [83, 95]}, {'text': 'China', 'indices': [99, 105]}], 'symbols': [], 'user_mentions': [], 'urls': [{'url': 'https://t.co/XgHzwcycBn', 'expanded_url': 'https://twitter.com/i/web/status/1503099058927415300', 'display_url': 'twitter.com/i/web/status/1‚Ä¶', 'indices': [117, 140]}]}, 'metadata': {'iso_language_code': 'en', 'result_type': 'recent'}, 'source': '<a href=""http://twitter.com/download/iphone"" rel=""nofollow"">Twitter for iPhone</a>', 'in_reply_to_status_id': None, 'in_reply_to_status_id_str': None, 'in_reply_to_user_id': None, 'in_reply_to_user_id_str': None, 'in_reply_to_screen_name': None, 'user': {'id': 1326088264747544576, 'id_str': '1326088264747544576', 'name': 'Californiaüá∫üá∏ü¶Ö', 'screen_name': 'OldPrague', 'location': 'Beverly Hills, CA', 'description': '', 'url': None, 'entities': {'description': {'urls': []}}, 'protected': False, 'followers_count': 16747, 'friends_count': 14364, 'listed_count': 34, 'created_at': 'Tue Nov 10 09:04:33 +0000 2020', 'favourites_count': 39604, 'utc_offset': None, 'time_zone': None, 'geo_enabled': False, 'verified': False, 'statuses_count': 67329, 'lang': None, 'contributors_enabled': False, 'is_translator': False, 'is_translation_enabled': False, 'profile_background_color': 'F5F8FA', 'profile_background_image_url': None, 'profile_background_image_url_https': None, 'profile_background_tile': False, 'profile_image_url': 'http://pbs.twimg.com/profile_images/1350787796726910976/umgh0Z4f_normal.jpg', 'profile_image_url_https': 'https://pbs.twimg.com/profile_images/1350787796726910976/umgh0Z4f_normal.jpg', 'profile_banner_url': 'https://pbs.twimg.com/profile_banners/1326088264747544576/1610887884', 'profile_link_color': '1DA1F2', 'profile_sidebar_border_color': 'C0DEED', 'profile_sidebar_fill_color': 'DDEEF6', 'profile_text_color': '333333', 'profile_use_background_image': True, 'has_extended_profile': True, 'default_profile': True, 'default_profile_image': False, 'following': False, 'follow_request_sent': False, 'notifications': False, 'translator_type': 'none', 'withheld_in_countries': []}, 'geo': None, 'coordinates': None, 'place': None, 'contributors': None, 'is_quote_status': False, 'retweet_count': 3, 'favorite_count': 6, 'favorited': False, 'retweeted': False, 'possibly_sensitive': False, 'lang': 'en'}",False,3,0,False,False,en,,,,,
4,Sun Mar 13 22:32:24 +0000 2022,1503136923585589253,1503136923585589253,RT @butterygoods: Sub variant of Omicron BA.2 is sweeping across the planet the Uk covid rate is starting to go through the roof!! I‚Äôm stil‚Ä¶,False,"{'hashtags': [], 'symbols': [], 'user_mentions': [{'screen_name': 'butterygoods', 'name': 'Shattered Illusions üá∫üá¶', 'id': 19587428, 'id_str': '19587428', 'indices': [3, 16]}], 'urls': []}","{'iso_language_code': 'en', 'result_type': 'recent'}","<a href=""http://twitter.com/download/iphone"" rel=""nofollow"">Twitter for iPhone</a>",,,,,,"{'id': 1502319741289078787, 'id_str': '1502319741289078787', 'name': 'MahiMahi715', 'screen_name': 'mahimahi715', 'location': 'United States (Eastern Time)', 'description': 'Crazy üá∫üá∏n, fish/plant enthusiast. Stand w/ Ukraine! üá∫üá¶üá∫üá≥üá∫üá∏\n\nI mostly do re-tweets, feel free to re-tweet me!\n\nLikes are not necessarily an endorsement.', 'url': 'https://t.co/GrAjLzhDv2', 'entities': {'url': {'urls': [{'url': 'https://t.co/GrAjLzhDv2', 'expanded_url': 'https://www.brown.senate.gov/', 'display_url': 'brown.senate.gov', 'indices': [0, 23]}]}, 'description': {'urls': []}}, 'protected': False, 'followers_count': 4, 'friends_count': 92, 'listed_count': 0, 'created_at': 'Fri Mar 11 16:25:43 +0000 2022', 'favourites_count': 501, 'utc_offset': None, 'time_zone': None, 'geo_enabled': False, 'verified': False, 'statuses_count': 499, 'lang': None, 'contributors_enabled': False, 'is_translator': False, 'is_translation_enabled': False, 'profile_background_color': 'F5F8FA', 'profile_background_image_url': None, 'profile_background_image_url_https': None, 'profile_background_tile': False, 'profile_image_url': 'http://pbs.twimg.com/profile_images/1502323823806488586/H-cQ1baa_normal.jpg', 'profile_image_url_https': 'https://pbs.twimg.com/profile_images/1502323823806488586/H-cQ1baa_normal.jpg', 'profile_link_color': '1DA1F2', 'profile_sidebar_border_color': 'C0DEED', 'profile_sidebar_fill_color': 'DDEEF6', 'profile_text_color': '333333', 'profile_use_background_image': True, 'has_extended_profile': True, 'default_profile': True, 'default_profile_image': False, 'following': False, 'follow_request_sent': False, 'notifications': False, 'translator_type': 'none', 'withheld_in_countries': []}",,,,,"{'created_at': 'Sun Mar 13 16:21:53 +0000 2022', 'id': 1503043680952803334, 'id_str': '1503043680952803334', 'text': 'Sub variant of Omicron BA.2 is sweeping across the planet the Uk covid rate is starting to go through the roof!! I‚Äô‚Ä¶ https://t.co/0wYKhArs3S', 'truncated': True, 'entities': {'hashtags': [], 'symbols': [], 'user_mentions': [], 'urls': [{'url': 'https://t.co/0wYKhArs3S', 'expanded_url': 'https://twitter.com/i/web/status/1503043680952803334', 'display_url': 'twitter.com/i/web/status/1‚Ä¶', 'indices': [117, 140]}]}, 'metadata': {'iso_language_code': 'en', 'result_type': 'recent'}, 'source': '<a href=""http://twitter.com/download/iphone"" rel=""nofollow"">Twitter for iPhone</a>', 'in_reply_to_status_id': None, 'in_reply_to_status_id_str': None, 'in_reply_to_user_id': None, 'in_reply_to_user_id_str': None, 'in_reply_to_screen_name': None, 'user': {'id': 19587428, 'id_str': '19587428', 'name': 'Shattered Illusions üá∫üá¶', 'screen_name': 'butterygoods', 'location': 'Rent free in your Head', 'description': 'üá∫üá¶People.Politics. üá∫üá¶Pessimistic.Perturbed.üá∫üá¶', 'url': None, 'entities': {'description': {'urls': []}}, 'protected': False, 'followers_count': 33, 'friends_count': 552, 'listed_count': 12, 'created_at': 'Tue Jan 27 11:31:16 +0000 2009', 'favourites_count': 6399, 'utc_offset': None, 'time_zone': None, 'geo_enabled': False, 'verified': False, 'statuses_count': 7877, 'lang': None, 'contributors_enabled': False, 'is_translator': False, 'is_translation_enabled': False, 'profile_background_color': 'ACDED6', 'profile_background_image_url': 'http://abs.twimg.com/images/themes/theme18/bg.gif', 'profile_background_image_url_https': 'https://abs.twimg.com/images/themes/theme18/bg.gif', 'profile_background_tile': True, 'profile_image_url': 'http://pbs.twimg.com/profile_images/1499381666397278213/8ShVDC86_normal.jpg', 'profile_image_url_https': 'https://pbs.twimg.com/profile_images/1499381666397278213/8ShVDC86_normal.jpg', 'profile_banner_url': 'https://pbs.twimg.com/profile_banners/19587428/1641344244', 'profile_link_color': 'F58EA8', 'profile_sidebar_border_color': 'FFFFFF', 'profile_sidebar_fill_color': 'F6F6F6', 'profile_text_color': '333333', 'profile_use_background_image': True, 'has_extended_profile': False, 'default_profile': False, 'default_profile_image': False, 'following': False, 'follow_request_sent': False, 'notifications': False, 'translator_type': 'none', 'withheld_in_countries': []}, 'geo': None, 'coordinates': None, 'place': None, 'contributors': None, 'is_quote_status': False, 'retweet_count': 5, 'favorite_count': 7, 'favorited': False, 'retweeted': False, 'lang': 'en'}",False,5,0,False,False,en,,,,,
5,Sun Mar 13 22:32:21 +0000 2022,1503136912403480580,1503136912403480580,"Available #vaccines have been designed against a variant of the #coronavirus that is no longer prevalent, and these‚Ä¶ https://t.co/CLgdAWzMzl",True,"{'hashtags': [{'text': 'vaccines', 'indices': [10, 19]}, {'text': 'coronavirus', 'indices': [64, 76]}], 'symbols': [], 'user_mentions': [], 'urls': [{'url': 'https://t.co/CLgdAWzMzl', 'expanded_url': 'https://twitter.com/i/web/status/1503136912403480580', 'display_url': 'twitter.com/i/web/status/1‚Ä¶', 'indices': [117, 140]}]}","{'iso_language_code': 'en', 'result_type': 'recent'}","<a href=""https://mobile.twitter.com"" rel=""nofollow"">Twitter Web App</a>",,,,,,"{'id': 1053359667995463682, 'id_str': '1053359667995463682', 'name': 'Cristina Dragani', 'screen_name': 'CristinaDragani', 'location': ' ', 'description': 'Scientific communicator on healthy lifestyle, physical and cognitive well-being, and longevity. CEO @eneksia #Supplements. Love Good Friends & Life!', 'url': 'https://t.co/T2cQINYDyb', 'entities': {'url': {'urls': [{'url': 'https://t.co/T2cQINYDyb', 'expanded_url': 'http://www.eneksia.com', 'display_url': 'eneksia.com', 'indices': [0, 23]}]}, 'description': {'urls': []}}, 'protected': False, 'followers_count': 7147, 'friends_count': 6411, 'listed_count': 42, 'created_at': 'Fri Oct 19 18:58:10 +0000 2018', 'favourites_count': 62494, 'utc_offset': None, 'time_zone': None, 'geo_enabled': False, 'verified': False, 'statuses_count': 18835, 'lang': None, 'contributors_enabled': False, 'is_translator': False, 'is_translation_enabled': False, 'profile_background_color': '000000', 'profile_background_image_url': 'http://abs.twimg.com/images/themes/theme1/bg.png', 'profile_background_image_url_https': 'https://abs.twimg.com/images/themes/theme1/bg.png', 'profile_background_tile': False, 'profile_image_url': 'http://pbs.twimg.com/profile_images/1103373668179169280/QzZ70cjZ_normal.png', 'profile_image_url_https': 'https://pbs.twimg.com/profile_images/1103373668179169280/QzZ70cjZ_normal.png', 'profile_banner_url': 'https://pbs.twimg.com/profile_banners/1053359667995463682/1540037903', 'profile_link_color': '19CF86', 'profile_sidebar_border_color': '000000', 'profile_sidebar_fill_color': '000000', 'profile_text_color': '000000', 'profile_use_background_image': False, 'has_extended_profile': True, 'default_profile': False, 'default_profile_image': False, 'following': False, 'follow_request_sent': False, 'notifications': False, 'translator_type': 'none', 'withheld_in_countries': []}",,,,,,True,0,2,False,False,en,False,1.5031090669729341e+18,1503109066972934144,"{'created_at': 'Sun Mar 13 20:41:42 +0000 2022', 'id': 1503109066972934144, 'id_str': '1503109066972934144', 'text': ""Pfizer CEO says fourth COVID-19 shot 'necessary' due to waning immunity https://t.co/UXsGkuMJW1 https://t.co/OegNNxmAJT"", 'truncated': False, 'entities': {'hashtags': [], 'symbols': [], 'user_mentions': [], 'urls': [{'url': 'https://t.co/UXsGkuMJW1', 'expanded_url': 'https://trib.al/BYZJw8S', 'display_url': 'trib.al/BYZJw8S', 'indices': [72, 95]}], 'media': [{'id': 1503109065626562565, 'id_str': '1503109065626562565', 'indices': [96, 119], 'media_url': 'http://pbs.twimg.com/media/FNwduztXMAURvVr.jpg', 'media_url_https': 'https://pbs.twimg.com/media/FNwduztXMAURvVr.jpg', 'url': 'https://t.co/OegNNxmAJT', 'display_url': 'pic.twitter.com/OegNNxmAJT', 'expanded_url': 'https://twitter.com/nypost/status/1503109066972934144/photo/1', 'type': 'photo', 'sizes': {'thumb': {'w': 150, 'h': 150, 'resize': 'crop'}, 'large': {'w': 1024, 'h': 682, 'resize': 'fit'}, 'small': {'w': 680, 'h': 453, 'resize': 'fit'}, 'medium': {'w': 1024, 'h': 682, 'resize': 'fit'}}}]}, 'extended_entities': {'media': [{'id': 1503109065626562565, 'id_str': '1503109065626562565', 'indices': [96, 119], 'media_url': 'http://pbs.twimg.com/media/FNwduztXMAURvVr.jpg', 'media_url_https': 'https://pbs.twimg.com/media/FNwduztXMAURvVr.jpg', 'url': 'https://t.co/OegNNxmAJT', 'display_url': 'pic.twitter.com/OegNNxmAJT', 'expanded_url': 'https://twitter.com/nypost/status/1503109066972934144/photo/1', 'type': 'photo', 'sizes': {'thumb': {'w': 150, 'h': 150, 'resize': 'crop'}, 'large': {'w': 1024, 'h': 682, 'resize': 'fit'}, 'small': {'w': 680, 'h': 453, 'resize': 'fit'}, 'medium': {'w': 1024, 'h': 682, 'resize': 'fit'}}}]}, 'metadata': {'iso_language_code': 'en', 'result_type': 'recent'}, 'source': '<a href=""http://www.socialflow.com"" rel=""nofollow"">SocialFlow</a>', 'in_reply_to_status_id': None, 'in_reply_to_status_id_str': None, 'in_reply_to_user_id': None, 'in_reply_to_user_id_str': None, 'in_reply_to_screen_name': None, 'user': {'id': 17469289, 'id_str': '17469289', 'name': 'New York Post', 'screen_name': 'nypost', 'location': 'New York, NY', 'description': 'Breaking news & features from The New York Post. Follow your favorite sections: @pagesix, @nypmetro, @nypostbiz, @nypostsports, @nypfashion, @nypostopinion', 'url': 'https://t.co/MwyanWdKnl', 'entities': {'url': {'urls': [{'url': 'https://t.co/MwyanWdKnl', 'expanded_url': 'http://www.nypost.com', 'display_url': 'nypost.com', 'indices': [0, 23]}]}, 'description': {'urls': []}}, 'protected': False, 'followers_count': 2468996, 'friends_count': 11026, 'listed_count': 20458, 'created_at': 'Tue Nov 18 19:46:36 +0000 2008', 'favourites_count': 1933, 'utc_offset': None, 'time_zone': None, 'geo_enabled': True, 'verified': True, 'statuses_count': 456853, 'lang': None, 'contributors_enabled': False, 'is_translator': False, 'is_translation_enabled': False, 'profile_background_color': '000000', 'profile_background_image_url': 'http://abs.twimg.com/images/themes/theme1/bg.png', 'profile_background_image_url_https': 'https://abs.twimg.com/images/themes/theme1/bg.png', 'profile_background_tile': True, 'profile_image_url': 'http://pbs.twimg.com/profile_images/966372680306868224/60wfGe9e_normal.jpg', 'profile_image_url_https': 'https://pbs.twimg.com/profile_images/966372680306868224/60wfGe9e_normal.jpg', 'profile_banner_url': 'https://pbs.twimg.com/profile_banners/17469289/1444326181', 'profile_link_color': 'CC3333', 'profile_sidebar_border_color': 'FFFFFF', 'profile_sidebar_fill_color': 'DDFFCC', 'profile_text_color': '333333', 'profile_use_background_image': True, 'has_extended_profile': False, 'default_profile': False, 'default_profile_image': False, 'following': False, 'follow_request_sent': False, 'notifications': False, 'translator_type': 'none', 'withheld_in_countries': []}, 'geo': None, 'coordinates': None, 'place': None, 'contributors': None, 'is_quote_status': False, 'retweet_count': 202, 'favorite_count': 441, 'favorited': False, 'retweeted': False, 'possibly_sensitive': False, 'lang': 'en'}",
6,Sun Mar 13 22:31:17 +0000 2022,1503136644622438411,1503136644622438411,#fact : The CIA has warned the White House since early February that China has vastly understated its coronavirus n‚Ä¶ https://t.co/tfZWwqF9ic,True,"{'hashtags': [{'text': 'fact', 'indices': [0, 5]}], 'symbols': [], 'user_mentions': [], 'urls': [{'url': 'https://t.co/tfZWwqF9ic', 'expanded_url': 'https://twitter.com/i/web/status/1503136644622438411', 'display_url': 'twitter.com/i/web/status/1‚Ä¶', 'indices': [117, 140]}]}","{'iso_language_code': 'en', 'result_type': 'recent'}","<a href=""https://twitter.com/SwerianBot"" rel=""nofollow"">plague-bot</a>",,,,,,"{'id': 1110611190118604800, 'id_str': '1110611190118604800', 'name': 'swerian.bot', 'screen_name': 'SwerianBot', 'location': 'The Interwebs', 'description': '', 'url': None, 'entities': {'description': {'urls': []}}, 'protected': False, 'followers_count': 224, 'friends_count': 337, 'listed_count': 6, 'created_at': 'Tue Mar 26 18:35:16 +0000 2019', 'favourites_count': 329, 'utc_offset': None, 'time_zone': None, 'geo_enabled': False, 'verified': False, 'statuses_count': 75565, 'lang': None, 'contributors_enabled': False, 'is_translator': False, 'is_translation_enabled': False, 'profile_background_color': 'F5F8FA', 'profile_background_image_url': None, 'profile_background_image_url_https': None, 'profile_background_tile': False, 'profile_image_url': 'http://pbs.twimg.com/profile_images/1111298329567260672/l4t8HeSm_normal.png', 'profile_image_url_https': 'https://pbs.twimg.com/profile_images/1111298329567260672/l4t8HeSm_normal.png', 'profile_banner_url': 'https://pbs.twimg.com/profile_banners/1110611190118604800/1553789248', 'profile_link_color': '1DA1F2', 'profile_sidebar_border_color': 'C0DEED', 'profile_sidebar_fill_color': 'DDEEF6', 'profile_text_color': '333333', 'profile_use_background_image': True, 'has_extended_profile': False, 'default_profile': True, 'default_profile_image': False, 'following': False, 'follow_request_sent': False, 'notifications': False, 'translator_type': 'none', 'withheld_in_countries': []}",,,,,,False,0,0,False,False,en,False,,,,
7,Sun Mar 13 22:30:33 +0000 2022,1503136457807912963,1503136457807912963,"RT @CynthiaY29: 6.04 Million people worldwide have died of Covid-19, and it‚Äôs variants since the pandemic began. People are still dying dai‚Ä¶",False,"{'hashtags': [], 'symbols': [], 'user_mentions': [{'screen_name': 'CynthiaY29', 'name': 'Cynthia Kelly', 'id': 18536530, 'id_str': '18536530', 'indices': [3, 14]}], 'urls': []}","{'iso_language_code': 'en', 'result_type': 'recent'}","<a href=""http://twitter.com/download/iphone"" rel=""nofollow"">Twitter for iPhone</a>",,,,,,"{'id': 1302105189210443776, 'id_str': '1302105189210443776', 'name': 'Scearly Safety', 'screen_name': 'scearlyz', 'location': 'Summerlin South, NV', 'description': 'Covid19 PCR Testing Employees Business Schools Events Film/TV productions #healthandsafety', 'url': 'https://t.co/u5CsL4rEqd', 'entities': {'url': {'urls': [{'url': 'https://t.co/u5CsL4rEqd', 'expanded_url': 'http://scearly.com', 'display_url': 'scearly.com', 'indices': [0, 23]}]}, 'description': {'urls': []}}, 'protected': False, 'followers_count': 13, 'friends_count': 176, 'listed_count': 0, 'created_at': 'Sat Sep 05 04:44:39 +0000 2020', 'favourites_count': 163, 'utc_offset': None, 'time_zone': None, 'geo_enabled': False, 'verified': False, 'statuses_count': 201, 'lang': None, 'contributors_enabled': False, 'is_translator': False, 'is_translation_enabled': False, 'profile_background_color': 'F5F8FA', 'profile_background_image_url': None, 'profile_background_image_url_https': None, 'profile_background_tile': False, 'profile_image_url': 'http://pbs.twimg.com/profile_images/1494313256650895360/i6wvS_mH_normal.jpg', 'profile_image_url_https': 'https://pbs.twimg.com/profile_images/1494313256650895360/i6wvS_mH_normal.jpg', 'profile_banner_url': 'https://pbs.twimg.com/profile_banners/1302105189210443776/1639967023', 'profile_link_color': '1DA1F2', 'profile_sidebar_border_color': 'C0DEED', 'profile_sidebar_fill_color': 'DDEEF6', 'profile_text_color': '333333', 'profile_use_background_image': True, 'has_extended_profile': True, 'default_profile': True, 'default_profile_image': False, 'following': False, 'follow_request_sent': False, 'notifications': False, 'translator_type': 'none', 'withheld_in_countries': []}",,,,,"{'created_at': 'Sun Mar 13 18:19:34 +0000 2022', 'id': 1503073298661449734, 'id_str': '1503073298661449734', 'text': '6.04 Million people worldwide have died of Covid-19, and it‚Äôs variants since the pandemic began. People are still d‚Ä¶ https://t.co/yyIXAOYB9k', 'truncated': True, 'entities': {'hashtags': [], 'symbols': [], 'user_mentions': [], 'urls': [{'url': 'https://t.co/yyIXAOYB9k', 'expanded_url': 'https://twitter.com/i/web/status/1503073298661449734', 'display_url': 'twitter.com/i/web/status/1‚Ä¶', 'indices': [117, 140]}]}, 'metadata': {'iso_language_code': 'en', 'result_type': 'recent'}, 'source': '<a href=""http://twitter.com/download/iphone"" rel=""nofollow"">Twitter for iPhone</a>', 'in_reply_to_status_id': None, 'in_reply_to_status_id_str': None, 'in_reply_to_user_id': None, 'in_reply_to_user_id_str': None, 'in_reply_to_screen_name': None, 'user': {'id': 18536530, 'id_str': '18536530', 'name': 'Cynthia Kelly', 'screen_name': 'CynthiaY29', 'location': 'Lawrenceburg, TN', 'description': 'üá∫üá∏ Democrat üå∫ Interest are politics, news, cooking, planting, my family, and my one true love David. ‚ù§Ô∏è #COVIDSurvivor I like making #Polls', 'url': 'https://t.co/wLxWgnKpb1', 'entities': {'url': {'urls': [{'url': 'https://t.co/wLxWgnKpb1', 'expanded_url': 'https://medium.com/@cynthiayildirim', 'display_url': 'medium.com/@cynthiayildir‚Ä¶', 'indices': [0, 23]}]}, 'description': {'urls': []}}, 'protected': False, 'followers_count': 60903, 'friends_count': 66679, 'listed_count': 1902, 'created_at': 'Thu Jan 01 21:18:20 +0000 2009', 'favourites_count': 9955, 'utc_offset': None, 'time_zone': None, 'geo_enabled': False, 'verified': False, 'statuses_count': 163773, 'lang': None, 'contributors_enabled': False, 'is_translator': False, 'is_translation_enabled': False, 'profile_background_color': '352726', 'profile_background_image_url': 'http://abs.twimg.com/images/themes/theme5/bg.gif', 'profile_background_image_url_https': 'https://abs.twimg.com/images/themes/theme5/bg.gif', 'profile_background_tile': True, 'profile_image_url': 'http://pbs.twimg.com/profile_images/1394421628197539840/mOHhF2dx_normal.jpg', 'profile_image_url_https': 'https://pbs.twimg.com/profile_images/1394421628197539840/mOHhF2dx_normal.jpg', 'profile_banner_url': 'https://pbs.twimg.com/profile_banners/18536530/1615984692', 'profile_link_color': 'BD1B3B', 'profile_sidebar_border_color': '000000', 'profile_sidebar_fill_color': '0D0D6E', 'profile_text_color': '2967DB', 'profile_use_background_image': True, 'has_extended_profile': True, 'default_profile': False, 'default_profile_image': False, 'following': False, 'follow_request_sent': False, 'notifications': False, 'translator_type': 'none', 'withheld_in_countries': []}, 'geo': None, 'coordinates': None, 'place': None, 'contributors': None, 'is_quote_status': False, 'retweet_count': 18, 'favorite_count': 13, 'favorited': False, 'retweeted': False, 'possibly_sensitive': False, 'lang': 'en'}",False,18,0,False,False,en,,,,,
8,Sun Mar 13 22:30:21 +0000 2022,1503136409548431361,1503136409548431361,New COVID-19 Data at 2022-03-13 06:30:00 pm EDT #Coronavirus #COVID19 #COVID_19 https://t.co/RDaVaezqfo,False,"{'hashtags': [{'text': 'Coronavirus', 'indices': [48, 60]}, {'text': 'COVID19', 'indices': [61, 69]}, {'text': 'COVID_19', 'indices': [70, 79]}], 'symbols': [], 'user_mentions': [], 'urls': [], 'media': [{'id': 1503136323812667392, 'id_str': '1503136323812667392', 'indices': [80, 103], 'media_url': 'http://pbs.twimg.com/media/FNw2hcXXMAACuFG.png', 'media_url_https': 'https://pbs.twimg.com/media/FNw2hcXXMAACuFG.png', 'url': 'https://t.co/RDaVaezqfo', 'display_url': 'pic.twitter.com/RDaVaezqfo', 'expanded_url': 'https://twitter.com/CovidData2/status/1503136409548431361/photo/1', 'type': 'photo', 'sizes': {'large': {'w': 472, 'h': 144, 'resize': 'fit'}, 'thumb': {'w': 144, 'h': 144, 'resize': 'crop'}, 'medium': {'w': 472, 'h': 144, 'resize': 'fit'}, 'small': {'w': 472, 'h': 144, 'resize': 'fit'}}}]}","{'iso_language_code': 'en', 'result_type': 'recent'}","<a href=""https://kojospace.com/"" rel=""nofollow"">coronaData_Test</a>",,,,,,"{'id': 1246809881790857216, 'id_str': '1246809881790857216', 'name': 'Covid Data', 'screen_name': 'CovidData2', 'location': '', 'description': 'Posting Covid-19 data from web sources', 'url': None, 'entities': {'description': {'urls': []}}, 'protected': False, 'followers_count': 97, 'friends_count': 31, 'listed_count': 2, 'created_at': 'Sun Apr 05 14:41:28 +0000 2020', 'favourites_count': 0, 'utc_offset': None, 'time_zone': None, 'geo_enabled': False, 'verified': False, 'statuses_count': 25735, 'lang': None, 'contributors_enabled': False, 'is_translator': False, 'is_translation_enabled': False, 'profile_background_color': 'F5F8FA', 'profile_background_image_url': None, 'profile_background_image_url_https': None, 'profile_background_tile': False, 'profile_image_url': 'http://pbs.twimg.com/profile_images/1246838497291493377/D6m2OudO_normal.jpg', 'profile_image_url_https': 'https://pbs.twimg.com/profile_images/1246838497291493377/D6m2OudO_normal.jpg', 'profile_link_color': '1DA1F2', 'profile_sidebar_border_color': 'C0DEED', 'profile_sidebar_fill_color': 'DDEEF6', 'profile_text_color': '333333', 'profile_use_background_image': True, 'has_extended_profile': False, 'default_profile': True, 'default_profile_image': False, 'following': False, 'follow_request_sent': False, 'notifications': False, 'translator_type': 'none', 'withheld_in_countries': []}",,,,,,False,0,0,False,False,en,False,,,,"{'media': [{'id': 1503136323812667392, 'id_str': '1503136323812667392', 'indices': [80, 103], 'media_url': 'http://pbs.twimg.com/media/FNw2hcXXMAACuFG.png', 'media_url_https': 'https://pbs.twimg.com/media/FNw2hcXXMAACuFG.png', 'url': 'https://t.co/RDaVaezqfo', 'display_url': 'pic.twitter.com/RDaVaezqfo', 'expanded_url': 'https://twitter.com/CovidData2/status/1503136409548431361/photo/1', 'type': 'photo', 'sizes': {'large': {'w': 472, 'h': 144, 'resize': 'fit'}, 'thumb': {'w': 144, 'h': 144, 'resize': 'crop'}, 'medium': {'w': 472, 'h': 144, 'resize': 'fit'}, 'small': {'w': 472, 'h': 144, 'resize': 'fit'}}}]}"
9,Sun Mar 13 22:30:04 +0000 2022,1503136336378839050,1503136336378839050,"#cabletv taking an expensive gamble with ALL-WAR-ALL-THE-TIME...

WOULD GUESS VIEWERS CAN'T TAKE WAR IN TOP OF NON-STOP #CORONAVIRUS",False,"{'hashtags': [{'text': 'cabletv', 'indices': [0, 8]}, {'text': 'CORONAVIRUS', 'indices': [120, 132]}], 'symbols': [], 'user_mentions': [], 'urls': []}","{'iso_language_code': 'en', 'result_type': 'recent'}","<a href=""http://twitter.com/download/iphone"" rel=""nofollow"">Twitter for iPhone</a>",,,,,,"{'id': 1481720154933313557, 'id_str': '1481720154933313557', 'name': 'As Seen On my TV üì∫', 'screen_name': 'AsSeenOnmyTV2', 'location': '', 'description': ""I screen so you don't have to..."", 'url': None, 'entities': {'description': {'urls': []}}, 'protected': False, 'followers_count': 44, 'friends_count': 725, 'listed_count': 0, 'created_at': 'Thu Jan 13 20:10:07 +0000 2022', 'favourites_count': 1825, 'utc_offset': None, 'time_zone': None, 'geo_enabled': False, 'verified': False, 'statuses_count': 2465, 'lang': None, 'contributors_enabled': False, 'is_translator': False, 'is_translation_enabled': False, 'profile_background_color': 'F5F8FA', 'profile_background_image_url': None, 'profile_background_image_url_https': None, 'profile_background_tile': False, 'profile_image_url': 'http://pbs.twimg.com/profile_images/1491161151417294852/Vx0IPtsV_normal.jpg', 'profile_image_url_https': 'https://pbs.twimg.com/profile_images/1491161151417294852/Vx0IPtsV_normal.jpg', 'profile_banner_url': 'https://pbs.twimg.com/profile_banners/1481720154933313557/1642105407', 'profile_link_color': '1DA1F2', 'profile_sidebar_border_color': 'C0DEED', 'profile_sidebar_fill_color': 'DDEEF6', 'profile_text_color': '333333', 'profile_use_background_image': True, 'has_extended_profile': True, 'default_profile': True, 'default_profile_image': False, 'following': False, 'follow_request_sent': False, 'notifications': False, 'translator_type': 'none', 'withheld_in_countries': []}",,,,,,False,0,0,False,False,en,,,,,
10,Sun Mar 13 22:28:49 +0000 2022,1503136024804970499,1503136024804970499,QURAN: Prophet Musa (Moses) A.S &amp; 70 Of His Best People Meet GOD  #theology #Islam #Quran #Christianity #Bible‚Ä¶ https://t.co/621smGHF31,True,"{'hashtags': [{'text': 'theology', 'indices': [70, 79]}, {'text': 'Islam', 'indices': [80, 86]}, {'text': 'Quran', 'indices': [87, 93]}, {'text': 'Christianity', 'indices': [94, 107]}, {'text': 'Bible', 'indices': [108, 114]}], 'symbols': [], 'user_mentions': [], 'urls': [{'url': 'https://t.co/621smGHF31', 'expanded_url': 'https://twitter.com/i/web/status/1503136024804970499', 'display_url': 'twitter.com/i/web/status/1‚Ä¶', 'indices': [116, 139]}]}","{'iso_language_code': 'en', 'result_type': 'recent'}","<a href=""https://mobile.twitter.com"" rel=""nofollow"">Twitter Web App</a>",,,,,,"{'id': 1485817736773181440, 'id_str': '1485817736773181440', 'name': 'Muhammad Kashif', 'screen_name': 'Imkashaf12', 'location': '', 'description': 'Extremely Professional & Honest', 'url': None, 'entities': {'description': {'urls': []}}, 'protected': False, 'followers_count': 24, 'friends_count': 50, 'listed_count': 0, 'created_at': 'Tue Jan 25 03:32:49 +0000 2022', 'favourites_count': 21, 'utc_offset': None, 'time_zone': None, 'geo_enabled': False, 'verified': False, 'statuses_count': 602, 'lang': None, 'contributors_enabled': False, 'is_translator': False, 'is_translation_enabled': False, 'profile_background_color': 'F5F8FA', 'profile_background_image_url': None, 'profile_background_image_url_https': None, 'profile_background_tile': False, 'profile_image_url': 'http://pbs.twimg.com/profile_images/1486089968024002569/5aHNx5Y7_normal.jpg', 'profile_image_url_https': 'https://pbs.twimg.com/profile_images/1486089968024002569/5aHNx5Y7_normal.jpg', 'profile_link_color': '1DA1F2', 'profile_sidebar_border_color': 'C0DEED', 'profile_sidebar_fill_color': 'DDEEF6', 'profile_text_color': '333333', 'profile_use_background_image': True, 'has_extended_profile': True, 'default_profile': True, 'default_profile_image': False, 'following': False, 'follow_request_sent': False, 'notifications': False, 'translator_type': 'none', 'withheld_in_countries': []}",,,,,,False,0,0,False,False,en,False,,,,
11,Sun Mar 13 22:28:28 +0000 2022,1503135935919230990,1503135935919230990,"RT @CynthiaY29: 6.04 Million people worldwide have died of Covid-19, and it‚Äôs variants since the pandemic began. People are still dying dai‚Ä¶",False,"{'hashtags': [], 'symbols': [], 'user_mentions': [{'screen_name': 'CynthiaY29', 'name': 'Cynthia Kelly', 'id': 18536530, 'id_str': '18536530', 'indices': [3, 14]}], 'urls': []}","{'iso_language_code': 'en', 'result_type': 'recent'}","<a href=""http://twitter.com/download/android"" rel=""nofollow"">Twitter for Android</a>",,,,,,"{'id': 4836064754, 'id_str': '4836064754', 'name': 'Betten', 'screen_name': 'bettibettsin', 'location': 'Anywhere', 'description': '‚ú® Woman ‚ú® üá∏üáØ #StandWithUkraine üá∫üá¶ #SlavaUkraini üá∫üá¶\n\nNO DM! üíï‚ú®\nRTs unbiased', 'url': None, 'entities': {'description': {'urls': []}}, 'protected': False, 'followers_count': 2502, 'friends_count': 4255, 'listed_count': 4, 'created_at': 'Sat Jan 30 17:35:14 +0000 2016', 'favourites_count': 115339, 'utc_offset': None, 'time_zone': None, 'geo_enabled': False, 'verified': False, 'statuses_count': 100621, 'lang': None, 'contributors_enabled': False, 'is_translator': False, 'is_translation_enabled': False, 'profile_background_color': 'FAB81E', 'profile_background_image_url': 'http://abs.twimg.com/images/themes/theme4/bg.gif', 'profile_background_image_url_https': 'https://abs.twimg.com/images/themes/theme4/bg.gif', 'profile_background_tile': True, 'profile_image_url': 'http://pbs.twimg.com/profile_images/1497307749054664713/l1MptIJp_normal.jpg', 'profile_image_url_https': 'https://pbs.twimg.com/profile_images/1497307749054664713/l1MptIJp_normal.jpg', 'profile_banner_url': 'https://pbs.twimg.com/profile_banners/4836064754/1646300510', 'profile_link_color': 'FF691F', 'profile_sidebar_border_color': '000000', 'profile_sidebar_fill_color': '000000', 'profile_text_color': '000000', 'profile_use_background_image': True, 'has_extended_profile': False, 'default_profile': False, 'default_profile_image': False, 'following': False, 'follow_request_sent': False, 'notifications': False, 'translator_type': 'none', 'withheld_in_countries': []}",,,,,"{'created_at': 'Sun Mar 13 18:19:34 +0000 2022', 'id': 1503073298661449734, 'id_str': '1503073298661449734', 'text': '6.04 Million people worldwide have died of Covid-19, and it‚Äôs variants since the pandemic began. People are still d‚Ä¶ https://t.co/yyIXAOYB9k', 'truncated': True, 'entities': {'hashtags': [], 'symbols': [], 'user_mentions': [], 'urls': [{'url': 'https://t.co/yyIXAOYB9k', 'expanded_url': 'https://twitter.com/i/web/status/1503073298661449734', 'display_url': 'twitter.com/i/web/status/1‚Ä¶', 'indices': [117, 140]}]}, 'metadata': {'iso_language_code': 'en', 'result_type': 'recent'}, 'source': '<a href=""http://twitter.com/download/iphone"" rel=""nofollow"">Twitter for iPhone</a>', 'in_reply_to_status_id': None, 'in_reply_to_status_id_str': None, 'in_reply_to_user_id': None, 'in_reply_to_user_id_str': None, 'in_reply_to_screen_name': None, 'user': {'id': 18536530, 'id_str': '18536530', 'name': 'Cynthia Kelly', 'screen_name': 'CynthiaY29', 'location': 'Lawrenceburg, TN', 'description': 'üá∫üá∏ Democrat üå∫ Interest are politics, news, cooking, planting, my family, and my one true love David. ‚ù§Ô∏è #COVIDSurvivor I like making #Polls', 'url': 'https://t.co/wLxWgnKpb1', 'entities': {'url': {'urls': [{'url': 'https://t.co/wLxWgnKpb1', 'expanded_url': 'https://medium.com/@cynthiayildirim', 'display_url': 'medium.com/@cynthiayildir‚Ä¶', 'indices': [0, 23]}]}, 'description': {'urls': []}}, 'protected': False, 'followers_count': 60903, 'friends_count': 66679, 'listed_count': 1902, 'created_at': 'Thu Jan 01 21:18:20 +0000 2009', 'favourites_count': 9955, 'utc_offset': None, 'time_zone': None, 'geo_enabled': False, 'verified': False, 'statuses_count': 163773, 'lang': None, 'contributors_enabled': False, 'is_translator': False, 'is_translation_enabled': False, 'profile_background_color': '352726', 'profile_background_image_url': 'http://abs.twimg.com/images/themes/theme5/bg.gif', 'profile_background_image_url_https': 'https://abs.twimg.com/images/themes/theme5/bg.gif', 'profile_background_tile': True, 'profile_image_url': 'http://pbs.twimg.com/profile_images/1394421628197539840/mOHhF2dx_normal.jpg', 'profile_image_url_https': 'https://pbs.twimg.com/profile_images/1394421628197539840/mOHhF2dx_normal.jpg', 'profile_banner_url': 'https://pbs.twimg.com/profile_banners/18536530/1615984692', 'profile_link_color': 'BD1B3B', 'profile_sidebar_border_color': '000000', 'profile_sidebar_fill_color': '0D0D6E', 'profile_text_color': '2967DB', 'profile_use_background_image': True, 'has_extended_profile': True, 'default_profile': False, 'default_profile_image': False, 'following': False, 'follow_request_sent': False, 'notifications': False, 'translator_type': 'none', 'withheld_in_countries': []}, 'geo': None, 'coordinates': None, 'place': None, 'contributors': None, 'is_quote_status': False, 'retweet_count': 18, 'favorite_count': 13, 'favorited': False, 'retweeted': False, 'possibly_sensitive': False, 'lang': 'en'}",False,18,0,False,False,en,,,,,
12,Sun Mar 13 22:27:29 +0000 2022,1503135688325312517,1503135688325312517,#China‚Äôs government has responded to a sharp rise in #coronavirus infections by shutting down its southern business‚Ä¶ https://t.co/N6ODIxzxl6,True,"{'hashtags': [{'text': 'China', 'indices': [0, 6]}, {'text': 'coronavirus', 'indices': [53, 65]}], 'symbols': [], 'user_mentions': [], 'urls': [{'url': 'https://t.co/N6ODIxzxl6', 'expanded_url': 'https://twitter.com/i/web/status/1503135688325312517', 'display_url': 'twitter.com/i/web/status/1‚Ä¶', 'indices': [117, 140]}]}","{'iso_language_code': 'en', 'result_type': 'recent'}","<a href=""https://mobile.twitter.com"" rel=""nofollow"">Twitter Web App</a>",,,,,,"{'id': 777878904778399744, 'id_str': '777878904778399744', 'name': 'Seer Media', 'screen_name': 'Seer_media', 'location': 'City of London, London', 'description': 'Politics, current affair, entertainment, fashion, music and every other topic on this earth and beyond! Retweets are not endorsements', 'url': None, 'entities': {'description': {'urls': []}}, 'protected': False, 'followers_count': 618, 'friends_count': 297, 'listed_count': 2, 'created_at': 'Mon Sep 19 14:35:58 +0000 2016', 'favourites_count': 342, 'utc_offset': None, 'time_zone': None, 'geo_enabled': False, 'verified': False, 'statuses_count': 7596, 'lang': None, 'contributors_enabled': False, 'is_translator': False, 'is_translation_enabled': False, 'profile_background_color': 'F5F8FA', 'profile_background_image_url': None, 'profile_background_image_url_https': None, 'profile_background_tile': False, 'profile_image_url': 'http://pbs.twimg.com/profile_images/1306363820785520642/JESO8hH5_normal.jpg', 'profile_image_url_https': 'https://pbs.twimg.com/profile_images/1306363820785520642/JESO8hH5_normal.jpg', 'profile_banner_url': 'https://pbs.twimg.com/profile_banners/777878904778399744/1514678166', 'profile_link_color': '1DA1F2', 'profile_sidebar_border_color': 'C0DEED', 'profile_sidebar_fill_color': 'DDEEF6', 'profile_text_color': '333333', 'profile_use_background_image': True, 'has_extended_profile': False, 'default_profile': True, 'default_profile_image': False, 'following': False, 'follow_request_sent': False, 'notifications': False, 'translator_type': 'none', 'withheld_in_countries': []}",,,,,,False,0,0,False,False,en,False,,,,
13,Sun Mar 13 22:24:08 +0000 2022,1503134846335557634,1503134846335557634,RT @NewBooks4You: A timely masterpiece. The Conspiracy is one of those books you read well into the night not caring if you‚Äôll wake with li‚Ä¶,False,"{'hashtags': [], 'symbols': [], 'user_mentions': [{'screen_name': 'NewBooks4You', 'name': 'Supporting Authors', 'id': 745235587, 'id_str': '745235587', 'indices': [3, 16]}], 'urls': []}","{'iso_language_code': 'en', 'result_type': 'recent'}","<a href=""https://coronavirus.com"" rel=""nofollow"">CoronaTweetBot</a>",,,,,,"{'id': 1254835769316904961, 'id_str': '1254835769316904961', 'name': 'CoronaTweetBot', 'screen_name': 'corona_tweet', 'location': '', 'description': '', 'url': None, 'entities': {'description': {'urls': []}}, 'protected': False, 'followers_count': 501, 'friends_count': 0, 'listed_count': 10, 'created_at': 'Mon Apr 27 18:12:19 +0000 2020', 'favourites_count': 0, 'utc_offset': None, 'time_zone': None, 'geo_enabled': False, 'verified': False, 'statuses_count': 87915, 'lang': None, 'contributors_enabled': False, 'is_translator': False, 'is_translation_enabled': False, 'profile_background_color': 'F5F8FA', 'profile_background_image_url': None, 'profile_background_image_url_https': None, 'profile_background_tile': False, 'profile_image_url': 'http://pbs.twimg.com/profile_images/1254836016684433413/YS6Bj9o4_normal.jpg', 'profile_image_url_https': 'https://pbs.twimg.com/profile_images/1254836016684433413/YS6Bj9o4_normal.jpg', 'profile_link_color': '1DA1F2', 'profile_sidebar_border_color': 'C0DEED', 'profile_sidebar_fill_color': 'DDEEF6', 'profile_text_color': '333333', 'profile_use_background_image': True, 'has_extended_profile': False, 'default_profile': True, 'default_profile_image': False, 'following': False, 'follow_request_sent': False, 'notifications': False, 'translator_type': 'none', 'withheld_in_countries': []}",,,,,"{'created_at': 'Sun Mar 13 22:21:41 +0000 2022', 'id': 1503134228535549957, 'id_str': '1503134228535549957', 'text': 'A timely masterpiece. The Conspiracy is one of those books you read well into the night not caring if you‚Äôll wake w‚Ä¶ https://t.co/SmK3V8P3BS', 'truncated': True, 'entities': {'hashtags': [], 'symbols': [], 'user_mentions': [], 'urls': [{'url': 'https://t.co/SmK3V8P3BS', 'expanded_url': 'https://twitter.com/i/web/status/1503134228535549957', 'display_url': 'twitter.com/i/web/status/1‚Ä¶', 'indices': [117, 140]}]}, 'metadata': {'iso_language_code': 'en', 'result_type': 'recent'}, 'source': '<a href=""https://mobile.twitter.com"" rel=""nofollow"">Twitter Web App</a>', 'in_reply_to_status_id': None, 'in_reply_to_status_id_str': None, 'in_reply_to_user_id': None, 'in_reply_to_user_id_str': None, 'in_reply_to_screen_name': None, 'user': {'id': 745235587, 'id_str': '745235587', 'name': 'Supporting Authors', 'screen_name': 'NewBooks4You', 'location': 'Ireland', 'description': 'New & exciting books from the latest English language authors. Free support for authors!', 'url': 'https://t.co/Ab0O18cTb2', 'entities': {'url': {'urls': [{'url': 'https://t.co/Ab0O18cTb2', 'expanded_url': 'http://BGSauthors.com', 'display_url': 'BGSauthors.com', 'indices': [0, 23]}]}, 'description': {'urls': []}}, 'protected': False, 'followers_count': 15522, 'friends_count': 12365, 'listed_count': 0, 'created_at': 'Wed Aug 08 13:50:22 +0000 2012', 'favourites_count': 12641, 'utc_offset': None, 'time_zone': None, 'geo_enabled': False, 'verified': False, 'statuses_count': 411976, 'lang': None, 'contributors_enabled': False, 'is_translator': False, 'is_translation_enabled': False, 'profile_background_color': 'C0DEED', 'profile_background_image_url': 'http://abs.twimg.com/images/themes/theme1/bg.png', 'profile_background_image_url_https': 'https://abs.twimg.com/images/themes/theme1/bg.png', 'profile_background_tile': True, 'profile_image_url': 'http://pbs.twimg.com/profile_images/562598297248886785/t1br8Ju9_normal.png', 'profile_image_url_https': 'https://pbs.twimg.com/profile_images/562598297248886785/t1br8Ju9_normal.png', 'profile_banner_url': 'https://pbs.twimg.com/profile_banners/745235587/1587398925', 'profile_link_color': '0084B4', 'profile_sidebar_border_color': 'FFFFFF', 'profile_sidebar_fill_color': 'DDEEF6', 'profile_text_color': '333333', 'profile_use_background_image': True, 'has_extended_profile': False, 'default_profile': False, 'default_profile_image': False, 'following': False, 'follow_request_sent': False, 'notifications': False, 'translator_type': 'none', 'withheld_in_countries': []}, 'geo': None, 'coordinates': None, 'place': None, 'contributors': None, 'is_quote_status': False, 'retweet_count': 1, 'favorite_count': 0, 'favorited': False, 'retweeted': False, 'possibly_sensitive': False, 'lang': 'en'}",False,1,0,False,False,en,,,,,
14,Sun Mar 13 22:23:56 +0000 2022,1503134794267430916,1503134794267430916,Former president #Barackobama tests positive for #Coronavirus [ https://t.co/TDInvMZ43B ] Il y a 2heures Former pre‚Ä¶ https://t.co/ZqyXtzPLaA,True,"{'hashtags': [{'text': 'Barackobama', 'indices': [17, 29]}, {'text': 'Coronavirus', 'indices': [49, 61]}], 'symbols': [], 'user_mentions': [], 'urls': [{'url': 'https://t.co/TDInvMZ43B', 'expanded_url': 'http://www.washingtonpost.com', 'display_url': 'washingtonpost.com', 'indices': [64, 87]}, {'url': 'https://t.co/ZqyXtzPLaA', 'expanded_url': 'https://twitter.com/i/web/status/1503134794267430916', 'display_url': 'twitter.com/i/web/status/1‚Ä¶', 'indices': [117, 140]}]}","{'iso_language_code': 'en', 'result_type': 'recent'}","<a href=""http://www.axisum.com"" rel=""nofollow"">Tiana1</a>",,,,,,"{'id': 4838520568, 'id_str': '4838520568', 'name': 'Tian_A1', 'screen_name': 'Tian_A1', 'location': 'Everywhere', 'description': '""The best way to predict your future is to create it"" A. Lincoln #ArtificialIntelligence #AI #ReSearcher #Job #Handicap #Poor', 'url': None, 'entities': {'description': {'urls': []}}, 'protected': False, 'followers_count': 1550, 'friends_count': 1410, 'listed_count': 3121, 'created_at': 'Sat Jan 23 13:06:53 +0000 2016', 'favourites_count': 11365, 'utc_offset': None, 'time_zone': None, 'geo_enabled': False, 'verified': False, 'statuses_count': 426710, 'lang': None, 'contributors_enabled': False, 'is_translator': False, 'is_translation_enabled': False, 'profile_background_color': 'FFF04D', 'profile_background_image_url': 'http://abs.twimg.com/images/themes/theme19/bg.gif', 'profile_background_image_url_https': 'https://abs.twimg.com/images/themes/theme19/bg.gif', 'profile_background_tile': True, 'profile_image_url': 'http://pbs.twimg.com/profile_images/977871067883671552/E2ir3mkl_normal.jpg', 'profile_image_url_https': 'https://pbs.twimg.com/profile_images/977871067883671552/E2ir3mkl_normal.jpg', 'profile_banner_url': 'https://pbs.twimg.com/profile_banners/4838520568/1646461844', 'profile_link_color': '0000FF', 'profile_sidebar_border_color': '000000', 'profile_sidebar_fill_color': '000000', 'profile_text_color': '000000', 'profile_use_background_image': True, 'has_extended_profile': False, 'default_profile': False, 'default_profile_image': False, 'following': False, 'follow_request_sent': False, 'notifications': False, 'translator_type': 'regular', 'withheld_in_countries': []}",,,,,,False,0,0,False,False,en,False,,,,
